Workbook

Sheet Instructions
A1: Cleaning with Spreadsheets
A2: (This version of spreadsheet is downloaded from my Google Sheet)
A4: Activity overview
A6: In this activity, we’ll do some data cleaning with spreadsheets, then transpose the data.
A7: Objective: perform some basic cleaning methods in spreadsheets.
A8: This will enable we to clean and transpose data, which is important for making data more specific and accurate in our career as a data analyst.
A10: Select and remove blank cells
A12: The first technique we’ll use is to select and eliminate rows containing blank cells by using filters. To eliminate rows with blank cells:
A13: 1. Highlight all cells in the spreadsheet. we can highlight Columns A-H by clicking on the header of Column A, holding Shift, and clicking on the header of Column H.
A14: 2. Click on the Data tab and pick the Create a filter option. In Microsoft Excel, this is called Filter.
A16: Excel:
A57: Excel:
... A310: we will notice that all the cells have had their formatting removed.

Sheet blanks_removed
A1: Number | B1: Order Date | C1: Region | D1: Name | E1: Item | F1: Units | G1: Unit Cost | H1: Total
A2: 1 | B2: 43471 | C2: East | D2: Jones | E2: Pencil | F2: 95 | G2: 1.99 | H2: 189.05
A3: 2 | B3: 43488 | C3: Central | D3: Kivell | E3: Binder | F3: 50 | G3: 19.99 | H3: 999.5
A4: 3 | B4: 43505 | C4: Central | D4: Jardine | E4: Pencil | F4: 36 | G4: 4.99 | H4: 179.64
A5: 4 | B5: 43522 | C5: Central | D5: Gill | E5: Pen | F5: 27 | G5: 19.99 | H5: 539.73
A6: 5 | B6: 43539 | C6: West | D6: Sorvino | E6: Pencil | F6: 56 | G6: 2.99 | H6: 167.44
A7: 7 | B7: 43573 | C7: Central | D7: Andrews | E7: Pencil | F7: 75 | G7: 1.99 | H7: 149.25
A8: 9 | B8: 43607 | C8: West | D8: Thompson | E8: Pencil | F8: 32 | G8: 1.99 | H8: 63.68
A9: 10 | B9: 43624 | C9: East | D9: Jones | E9: Binder | F9: 60 | G9: 8.99 | H9: 539.4
A10: 11 | B10: 43641 | C10: Central | D10: Morgan | E10: Pencil | F10: 90 | G10: 4.99 | H10: 449.1
A11: 12 | B11: 43658 | C11: East | D11: Howard | E11: Binder | F11: 29 | G11: 1.99 | H11: 57.71
A12: 13 | B12: 43675 | C12: East | D12: Parent | E12: Binder | F12: 81 | G12: 19.99 | H12: 1619.19
A13: 15 | B13: 43709 | C13: Central | D13: Smith | E13: Desk | F13: 2 | G13: 125 | H13: 250
... A45: 49 | B45: 43556 | C45: East | D45: Jones | E45: Pen Set | F45: 55 | G45: 12.49 | H45: 686.95

Sheet transposed
A1: Number | B1: 1 | C1: 2 | D1: 3 | E1: 4 | F1: 5 | G1: 7 | H1: 9 | I1: 10 | J1: 11 | K1: 12 | L1: 13 | M1: 15 | N1: 16 | O1: 18 | P1: 19 | Q1: 20 | R1: 22 | S1: 23 | T1: 24 | U1: 25 | V1: 26 | W1: 27 | X1: 28 | Y1: 29 | Z1: 30 | AA1: 31 | AB1: 32 | AC1: 33 | AD1: 34 | AE1: 35 | AF1: 36 | AG1: 37 | AH1: 38 | AI1: 39 | AJ1: 40 | AK1: 41 | AL1: 42 | AM1: 43 | AN1: 44 | AO1: 45 | AP1: 46 | AQ1: 47 | AR1: 48 | AS1: 49
A2: Order Date | B2: 43471 | C2: 43488 | D2: 43505 | E2: 43522 | F2: 43539 | G2: 43573 | H2: 43607 | I2: 43624 | J2: 43641 | K2: 43658 | L2: 43675 | M2: 43709 | N2: 43726 | O2: 43760 | P2: 43777 | Q2: 43794 | R2: 43828 | S2: 43845 | T2: 43862 | U2: 43879 | V2: 43897 | W2: 43914 | X2: 43931 | Y2: 43948 | Z2: 43965 | AA2: 43982 | AB2: 43999 | AC2: 44016 | AD2: 44033 | AE2: 44050 | AF2: 44067 | AG2: 44084 | AH2: 44101 | AI2: 44118 | AJ2: 44135 | AK2: 44152 | AL2: 44169 | AM2: 44186 | AN2: 43471 | AO2: 43488 | AP2: 43505 | AQ2: 43522 | AR2: 43539 | AS2: 43556
A3: Region | B3: East | C3: Central | D3: Central | E3: Central | F3: West | G3: Central | H3: West | I3: East | J3: Central | K3: East | L3: East | M3: Central | N3: East | O3: East | P3: East | Q3: Central | R3: East | S3: Central | T3: Central | U3: East | V3: West | W3: Central | X3: Central | Y3: East | Z3: Central | AA3: Central | AB3: Central | AC3: East | AD3: Central | AE3: Central | AF3: West | AG3: Central | AH3: West | AI3: West | AJ3: Central | AK3: Central | AL3: Central | AM3: Central | AN3: East | AO3: Central | AP3: Central | AQ3: Central | AR3: East | AS3: East
A4: Name | B4: Jones | C4: Kivell | D4: Jardine | E4: Gill | F4: Sorvino | G4: Andrews | H4: Thompson | I4: Jones | J4: Morgan | K4: Howard | L4: Parent | M4: Smith | N4: Jones | O4: Jones | P4: Parent | Q4: Kivell | R4: Parent | S4: Gill | T4: Smith | U4: Jones | V4: Sorvino | W4: Jardine | X4: Andrews | Y4: Howard | Z4: Gill | AA4: Gill | AB4: Kivell | AC4: Jones | AD4: Morgan | AE4: Kivell | AF4: Sorvino | AG4: Gill | AH4: Sorvino | AI4: Thompson | AJ4: Andrews | AK4: Jardine | AL4: Jardine | AM4: Andrews | AN4: Jones | AO4: Kivell | AP4: Jones | AQ4: Morgan | AR4: Sorvino | AS4: Jones
A5: Item | B5: Pencil | C5: Binder | D5: Pencil | E5: Pen | F5: Pencil | G5: Pencil | H5: Pencil | I5: Binder | J5: Pencil | K5: Binder | L5: Binder | M5: Desk | N5: Pen Set | O5: Pen | P5: Pen | Q5: Pen Set | R5: Pen Set | S5: Binder | T5: Binder | U5: Binder | V5: Binder | W5: Pen Set | X5: Pencil | Y5: Pen | Z5: Pencil | AA5: Binder | AB5: Desk | AC5: Pen Set | AD5: Pen Set | AE5: Pen Set | AF5: Desk | AG5: Pencil | AH5: Pen | AI5: Binder | AJ5: Pencil | AK5: Binder | AL5: Binder | AM5: Binder | AN5: Pen | AO5: Pencil | AP5: Binder | AQ5: Desk | AR5: Pen Set | AS5: Pen Set
A6: Units | B6: 95 | C6: 50 | D6: 36 | E6: 27 | F6: 56 | G6: 75 | H6: 32 | I6: 60 | J6: 90 | K6: 29 | L6: 81 | M6: 2 | N6: 16 | O6: 64 | P6: 15 | Q6: 96 | R6: 74 | S6: 46 | T6: 87 | U6: 4 | V6: 7 | W6: 50 | X6: 66 | Y6: 96 | Z6: 53 | AA6: 80 | AB6: 5 | AC6: 62 | AD6: 55 | AE6: 42 | AF6: 3 | AG6: 7 | AH6: 76 | AI6: 57 | AJ6: 14 | AK6: 11 | AL6: 94 | AM6: 28 | AN6: 96 | AO6: 53 | AP6: 80 | AQ6: 5 | AR6: 62 | AS6: 55
A7: Unit Cost | B7: 1.99 | C7: 19.99 | D7: 4.99 | E7: 19.99 | F7: 2.99 | G7: 1.99 | H7: 1.99 | I7: 8.99 | J7: 4.99 | K7: 1.99 | L7: 19.99 | M7: 125 | N7: 15.99 | O7: 8.99 | P7: 19.99 | Q7: 4.99 | R7: 15.99 | S7: 8.99 | T7: 15 | U7: 4.99 | V7: 19.99 | W7: 4.99 | X7: 1.99 | Y7: 4.99 | Z7: 1.29 | AA7: 8.99 | AB7: 125 | AC7: 4.99 | AD7: 12.49 | AE7: 23.95 | AF7: 275 | AG7: 1.29 | AH7: 1.99 | AI7: 19.99 | AJ7: 1.29 | AK7: 4.99 | AL7: 19.99 | AM7: 4.99 | AN7: 4.99 | AO7: 1.29 | AP7: 8.99 | AQ7: 125 | AR7: 4.99 | AS7: 12.49
A8: Total | B8: 189.05 | C8: 999.5 | D8: 179.64 | E8: 539.73 | F8: 167.44 | G8: 149.25 | H8: 63.68 | I8: 539.4 | J8: 449.1 | K8: 57.71 | L8: 1619.19 | M8: 250 | N8: 255.84 | O8: 575.36 | P8: 299.85 | Q8: 479.04 | R8: 1183.26 | S8: 413.54 | T8: 1305 | U8: 19.96 | V8: 139.93 | W8: 249.5 | X8: 131.34 | Y8: 479.04 | Z8: 68.37 | AA8: 719.2 | AB8: 625 | AC8: 309.38 | AD8: 686.95 | AE8: 1005.9 | AF8: 825 | AG8: 9.03 | AH8: 151.24 | AI8: 1139.43 | AJ8: 18.06 | AK8: 54.89 | AL8: 1879.06 | AM8: 139.72 | AN8: 479.04 | AO8: 68.37 | AP8: 719.2 | AQ8: 625 | AR8: 309.38 | AS8: 686.95
A18: =TRIM(A9) | B18: =TRIM(B9) | C18: =TRIM(C9) | D18: =TRIM(D9) | E18: =TRIM(E9) | F18: =TRIM(F9) | G18: =TRIM(G9) | H18: =TRIM(H9) | ... AS18: =TRIM(AS9)

Sheet spaces_removed
A1: =TRIM(transposed!A1) -> Number | B1: =TRIM(transposed!B1) -> 1 | C1: =TRIM(transposed!C1) -> 2 | D1: =TRIM(transposed!D1) -> 3 | E1: =TRIM(transposed!E1) -> 4 | F1: =TRIM(transposed!F1) -> 5 | G1: =TRIM(transposed!G1) -> 7 | H1: =TRIM(transposed!H1) -> 9 | ... AS1: =TRIM(transposed!AS1) -> 49
A2: =TRIM(transposed!A2) -> Order Date | B2: 43471 | C2: 43488 | D2: 43505 | E2: 43522 | F2: 43539 | G2: 43573 | H2: 43607 | I2: 43624 | J2: 43641 | K2: 43658 | L2: 43675 | M2: 43709 | N2: 43726 | O2: 43760 | P2: 43777 | Q2: 43794 | R2: 43828 | S2: 43845 | T2: 43862 | U2: 43879 | V2: 43897 | W2: 43914 | X2: 43931 | Y2: 43948 | Z2: 43965 | AA2: 43982 | AB2: 43999 | AC2: 44016 | AD2: 44033 | AE2: 44050 | AF2: 44067 | AG2: 44084 | AH2: 44101 | AI2: 44118 | AJ2: 44135 | AK2: 44152 | AL2: 44169 | AM2: 44186 | AN2: 43471 | AO2: 43488 | AP2: 43505 | AQ2: 43522 | AR2: 43539 | AS2: 43556
A3: =TRIM(transposed!A3) -> Region | B3: =TRIM(transposed!B3) -> East | C3: =TRIM(transposed!C3) -> Central | D3: =TRIM(transposed!D3) -> Central | E3: =TRIM(transposed!E3) -> Central | F3: =TRIM(transposed!F3) -> West | G3: =TRIM(transposed!G3) -> Central | H3: =TRIM(transposed!H3) -> West | ... AS3: =TRIM(transposed!AS3) -> East
A4: =TRIM(transposed!A4) -> Name | B4: =TRIM(transposed!B4) -> Jones | C4: =TRIM(transposed!C4) -> Kivell | D4: =TRIM(transposed!D4) -> Jardine | E4: =TRIM(transposed!E4) -> Gill | F4: =TRIM(transposed!F4) -> Sorvino | G4: =TRIM(transposed!G4) -> Andrews | H4: =TRIM(transposed!H4) -> Thompson | ... AS4: =TRIM(transposed!AS4) -> Jones
A5: =TRIM(transposed!A5) -> Item | B5: =TRIM(transposed!B5) -> Pencil | C5: =TRIM(transposed!C5) -> Binder | D5: =TRIM(transposed!D5) -> Pencil | E5: =TRIM(transposed!E5) -> Pen | F5: =TRIM(transposed!F5) -> Pencil | G5: =TRIM(transposed!G5) -> Pencil | H5: =TRIM(transposed!H5) -> Pencil | ... AS5: =TRIM(transposed!AS5) -> Pen Set
A6: =TRIM(transposed!A6) -> Units | B6: =TRIM(transposed!B6) -> 95 | C6: =TRIM(transposed!C6) -> 50 | D6: =TRIM(transposed!D6) -> 36 | E6: =TRIM(transposed!E6) -> 27 | F6: =TRIM(transposed!F6) -> 56 | G6: =TRIM(transposed!G6) -> 75 | H6: =TRIM(transposed!H6) -> 32 | ... AS6: =TRIM(transposed!AS6) -> 55
A7: =TRIM(transposed!A7) -> Unit Cost | B7: =TRIM(transposed!B7) -> 1.99 | C7: =TRIM(transposed!C7) -> 19.99 | D7: =TRIM(transposed!D7) -> 4.99 | E7: =TRIM(transposed!E7) -> 19.99 | F7: =TRIM(transposed!F7) -> 2.99 | G7: =TRIM(transposed!G7) -> 1.99 | H7: =TRIM(transposed!H7) -> 1.99 | ... AS7: =TRIM(transposed!AS7) -> 12.49
A8: =TRIM(transposed!A8) -> Total | B8: =TRIM(transposed!B8) -> 189.05 | C8: =TRIM(transposed!C8) -> 999.5 | D8: =TRIM(transposed!D8) -> 179.64 | E8: =TRIM(transposed!E8) -> 539.73 | F8: =TRIM(transposed!F8) -> 167.44 | G8: =TRIM(transposed!G8) -> 149.25 | H8: =TRIM(transposed!H8) -> 63.68 | ... AS8: =TRIM(transposed!AS8) -> 686.95
A18: =PROPER(A9) | B18: =PROPER(B9) | C18: =PROPER(C9) | D18: =PROPER(D9) | E18: =PROPER(E9) | F18: =PROPER(F9) | G18: =PROPER(G9) | H18: =PROPER(H9) | ... AS18: =PROPER(AS9)

Sheet text_case_changed
A1: =PROPER(spaces_removed!A1) -> Number | B1: =PROPER(spaces_removed!B1) -> 1 | C1: =PROPER(spaces_removed!C1) -> 2 | D1: =PROPER(spaces_removed!D1) -> 3 | E1: =PROPER(spaces_removed!E1) -> 4 | F1: =PROPER(spaces_removed!F1) -> 5 | G1: =PROPER(spaces_removed!G1) -> 7 | H1: =PROPER(spaces_removed!H1) -> 9 | ... AS1: =PROPER(spaces_removed!AS1) -> 49
A2: =PROPER(spaces_removed!A2) -> Order Date | B2: =PROPER(spaces_removed!B2) -> 43471 | C2: =PROPER(spaces_removed!C2) -> 43488 | D2: =PROPER(spaces_removed!D2) -> 43505 | E2: =PROPER(spaces_removed!E2) -> 43522 | F2: =PROPER(spaces_removed!F2) -> 43539 | G2: =PROPER(spaces_removed!G2) -> 43573 | H2: =PROPER(spaces_removed!H2) -> 43607 | ... AS2: =PROPER(spaces_removed!AS2) -> 43556
A3: =PROPER(spaces_removed!A3) -> Region | B3: =PROPER(spaces_removed!B3) -> East | C3: =PROPER(spaces_removed!C3) -> Central | D3: =PROPER(spaces_removed!D3) -> Central | E3: =PROPER(spaces_removed!E3) -> Central | F3: =PROPER(spaces_removed!F3) -> West | G3: =PROPER(spaces_removed!G3) -> Central | H3: =PROPER(spaces_removed!H3) -> West | ... AS3: =PROPER(spaces_removed!AS3) -> East
A4: =PROPER(spaces_removed!A4) -> Name | B4: =PROPER(spaces_removed!B4) -> Jones | C4: =PROPER(spaces_removed!C4) -> Kivell | D4: =PROPER(spaces_removed!D4) -> Jardine | E4: =PROPER(spaces_removed!E4) -> Gill | F4: =PROPER(spaces_removed!F4) -> Sorvino | G4: =PROPER(spaces_removed!G4) -> Andrews | H4: =PROPER(spaces_removed!H4) -> Thompson | ... AS4: =PROPER(spaces_removed!AS4) -> Jones
A5: =PROPER(spaces_removed!A5) -> Item | B5: =PROPER(spaces_removed!B5) -> Pencil | C5: =PROPER(spaces_removed!C5) -> Binder | D5: =PROPER(spaces_removed!D5) -> Pencil | E5: =PROPER(spaces_removed!E5) -> Pen | F5: =PROPER(spaces_removed!F5) -> Pencil | G5: =PROPER(spaces_removed!G5) -> Pencil | H5: =PROPER(spaces_removed!H5) -> Pencil | ... AS5: =PROPER(spaces_removed!AS5) -> Pen Set
A6: =PROPER(spaces_removed!A6) -> Units | B6: =PROPER(spaces_removed!B6) -> 95 | C6: =PROPER(spaces_removed!C6) -> 50 | D6: =PROPER(spaces_removed!D6) -> 36 | E6: =PROPER(spaces_removed!E6) -> 27 | F6: =PROPER(spaces_removed!F6) -> 56 | G6: =PROPER(spaces_removed!G6) -> 75 | H6: =PROPER(spaces_removed!H6) -> 32 | ... AS6: =PROPER(spaces_removed!AS6) -> 55
A7: =PROPER(spaces_removed!A7) -> Unit Cost | B7: =PROPER(spaces_removed!B7) -> 1.99 | C7: =PROPER(spaces_removed!C7) -> 19.99 | D7: =PROPER(spaces_removed!D7) -> 4.99 | E7: =PROPER(spaces_removed!E7) -> 19.99 | F7: =PROPER(spaces_removed!F7) -> 2.99 | G7: =PROPER(spaces_removed!G7) -> 1.99 | H7: =PROPER(spaces_removed!H7) -> 1.99 | ... AS7: =PROPER(spaces_removed!AS7) -> 12.49
A8: =PROPER(spaces_removed!A8) -> Total | B8: =PROPER(spaces_removed!B8) -> 189.05 | C8: =PROPER(spaces_removed!C8) -> 999.5 | D8: =PROPER(spaces_removed!D8) -> 179.64 | E8: =PROPER(spaces_removed!E8) -> 539.73 | F8: =PROPER(spaces_removed!F8) -> 167.44 | G8: =PROPER(spaces_removed!G8) -> 149.25 | H8: =PROPER(spaces_removed!H8) -> 63.68 | ... AS8: =PROPER(spaces_removed!AS8) -> 686.95

Sheet format_removed
A1: =PROPER(spaces_removed!A1) -> Number | B1: =PROPER(spaces_removed!B1) -> 1 | C1: =PROPER(spaces_removed!C1) -> 2 | D1: =PROPER(spaces_removed!D1) -> 3 | E1: =PROPER(spaces_removed!E1) -> 4 | F1: =PROPER(spaces_removed!F1) -> 5 | G1: =PROPER(spaces_removed!G1) -> 7 | H1: =PROPER(spaces_removed!H1) -> 9 | ... AS1: =PROPER(spaces_removed!AS1) -> 49
A2: =PROPER(spaces_removed!A2) -> Order Date | B2: =PROPER(spaces_removed!B2) -> 43471 | C2: =PROPER(spaces_removed!C2) -> 43488 | D2: =PROPER(spaces_removed!D2) -> 43505 | E2: =PROPER(spaces_removed!E2) -> 43522 | F2: =PROPER(spaces_removed!F2) -> 43539 | G2: =PROPER(spaces_removed!G2) -> 43573 | H2: =PROPER(spaces_removed!H2) -> 43607 | ... AS2: =PROPER(spaces_removed!AS2) -> 43556
A3: =PROPER(spaces_removed!A3) -> Region | B3: =PROPER(spaces_removed!B3) -> East | C3: =PROPER(spaces_removed!C3) -> Central | D3: =PROPER(spaces_removed!D3) -> Central | E3: =PROPER(spaces_removed!E3) -> Central | F3: =PROPER(spaces_removed!F3) -> West | G3: =PROPER(spaces_removed!G3) -> Central | H3: =PROPER(spaces_removed!H3) -> West | ... AS3: =PROPER(spaces_removed!AS3) -> East
A4: =PROPER(spaces_removed!A4) -> Name | B4: =PROPER(spaces_removed!B4) -> Jones | C4: =PROPER(spaces_removed!C4) -> Kivell | D4: =PROPER(spaces_removed!D4) -> Jardine | E4: =PROPER(spaces_removed!E4) -> Gill | F4: =PROPER(spaces_removed!F4) -> Sorvino | G4: =PROPER(spaces_removed!G4) -> Andrews | H4: =PROPER(spaces_removed!H4) -> Thompson | ... AS4: =PROPER(spaces_removed!AS4) -> Jones
A5: =PROPER(spaces_removed!A5) -> Item | B5: =PROPER(spaces_removed!B5) -> Pencil | C5: =PROPER(spaces_removed!C5) -> Binder | D5: =PROPER(spaces_removed!D5) -> Pencil | E5: =PROPER(spaces_removed!E5) -> Pen | F5: =PROPER(spaces_removed!F5) -> Pencil | G5: =PROPER(spaces_removed!G5) -> Pencil | H5: =PROPER(spaces_removed!H5) -> Pencil | ... AS5: =PROPER(spaces_removed!AS5) -> Pen Set
A6: =PROPER(spaces_removed!A6) -> Units | B6: =PROPER(spaces_removed!B6) -> 95 | C6: =PROPER(spaces_removed!C6) -> 50 | D6: =PROPER(spaces_removed!D6) -> 36 | E6: =PROPER(spaces_removed!E6) -> 27 | F6: =PROPER(spaces_removed!F6) -> 56 | G6: =PROPER(spaces_removed!G6) -> 75 | H6: =PROPER(spaces_removed!H6) -> 32 | ... AS6: =PROPER(spaces_removed!AS6) -> 55
A7: =PROPER(spaces_removed!A7) -> Unit Cost | B7: =PROPER(spaces_removed!B7) -> 1.99 | C7: =PROPER(spaces_removed!C7) -> 19.99 | D7: =PROPER(spaces_removed!D7) -> 4.99 | E7: =PROPER(spaces_removed!E7) -> 19.99 | F7: =PROPER(spaces_removed!F7) -> 2.99 | G7: =PROPER(spaces_removed!G7) -> 1.99 | H7: =PROPER(spaces_removed!H7) -> 1.99 | ... AS7: =PROPER(spaces_removed!AS7) -> 12.49
A8: =PROPER(spaces_removed!A8) -> Total | B8: =PROPER(spaces_removed!B8) -> 189.05 | C8: =PROPER(spaces_removed!C8) -> 999.5 | D8: =PROPER(spaces_removed!D8) -> 179.64 | E8: =PROPER(spaces_removed!E8) -> 539.73 | F8: =PROPER(spaces_removed!F8) -> 167.44 | G8: =PROPER(spaces_removed!G8) -> 149.25 | H8: =PROPER(spaces_removed!H8) -> 63.68 | ... AS8: =PROPER(spaces_removed!AS8) -> 686.95
